,VARIABLE,LEVEL,_LABEL,_TABLE,CHECKED,,
1,ACQ_BOUGHT,0,,,1,,
6,ACQ_BOUGHT,1,1,1,1,,
11,ACQ_DEVELOPER,0,,,1,,
16,ACQ_DEVELOPER,1,1,1,1,,
21,ACQ_FAMILY,0,,,1,,
26,ACQ_FAMILY,1,1,1,1,,
31,ACQ_FOREST_INDUSTRY,0,,,1,,
36,ACQ_FOREST_INDUSTRY,1,1,1,1,,
41,ACQ_GIFTED,0,,,1,,
46,ACQ_GIFTED,1,1,1,1,,
51,ACQ_GOV,0,,,1,,
56,ACQ_GOV,1,1,1,1,,
61,ACQ_INDIVIDUAL,0,,,1,,
66,ACQ_INDIVIDUAL,1,1,1,1,,
71,ACQ_INHERITED,0,,,1,,
76,ACQ_INHERITED,1,1,1,1,,
81,ACQ_LOGGER,0,,,1,,
86,ACQ_LOGGER,1,1,1,1,,
91,ACQ_SRC_OTHER,0,,,1,,
96,ACQ_SRC_OTHER,1,1,1,1,,
101,ACQ_TIMO,0,,,1,,
106,ACQ_TIMO,1,1,1,1,,
111,ACQ_TYPE_OTHER,0,,,1,,
116,ACQ_TYPE_OTHER,1,1,1,1,,
121,ACQ_YEAR,,,,1,,
123,ACRES_IN_STATE,,,,1,,
125,ACRES_IN_STATE_CAT,1,1,1,1,,
130,ACRES_IN_STATE_CAT,10,1,1,1,,
135,ACRES_IN_STATE_CAT,100,1,1,1,,
140,ACRES_IN_STATE_CAT,1000,1,1,1,,
145,ACRES_IN_STATE_CAT,20,1,1,1,,
150,ACRES_IN_STATE_CAT,200,1,1,1,,
155,ACRES_IN_STATE_CAT,50,1,1,1,,
160,ACRES_IN_STATE_CAT,500,1,1,1,,
165,ACRES_IN_STATE_CAT,5000,1,1,1,,
170,ACRES_LAND_IN_STATE,,,,1,,
172,ACRES_OUT_OF_STATE,,,,1,,
174,ACTIVITY_NONE,0,,,1,,
179,ACTIVITY_NONE,1,1,1,1,,
184,ACTIVITY_OTHER,0,,,1,,
189,ACTIVITY_OTHER,1,1,1,1,,
194,ACTIVITY_POSTING,0,,,1,,
199,ACTIVITY_POSTING,1,1,1,1,,
204,ACTIVITY_PRIV_REC,0,,,1,,
209,ACTIVITY_PRIV_REC,1,1,1,1,,
214,ACTIVITY_REC_PUBLIC,0,,,1,,
219,ACTIVITY_REC_PUBLIC,1,1,1,1,,
234,ADVICE_EXTENSION,-2,,,1,,
239,ADVICE_EXTENSION,0,,,1,,
244,ADVICE_EXTENSION,1,1,1,1,,
249,ADVICE_FOREST_INDUSTRY,-2,,,1,,
254,ADVICE_FOREST_INDUSTRY,0,,,1,,
259,ADVICE_FOREST_INDUSTRY,1,1,1,1,,
264,ADVICE_FORESTER,-2,,,1,,
269,ADVICE_FORESTER,0,,,1,,
274,ADVICE_FORESTER,1,1,1,1,,
279,ADVICE_LANDOWNER,-2,,,1,,
284,ADVICE_LANDOWNER,0,,,1,,
289,ADVICE_LANDOWNER,1,1,1,1,,
294,ADVICE_LOGGER,-2,,,1,,
299,ADVICE_LOGGER,0,,,1,,
304,ADVICE_LOGGER,1,1,1,1,,
309,ADVICE_NPO,-2,,,1,,
314,ADVICE_NPO,0,,,1,,
319,ADVICE_NPO,1,1,1,1,,
324,ADVICE_NRCS,-2,,,1,,
329,ADVICE_NRCS,0,,,1,,
334,ADVICE_NRCS,1,1,1,1,,
339,ADVICE_OTHER,-2,1,1,1,,
344,ADVICE_OTHER,0,,,1,,
349,ADVICE_OTHER,1,1,1,1,,
354,ADVICE_STATE_FORESTRY,-2,,,1,,
359,ADVICE_STATE_FORESTRY,0,,,1,,
364,ADVICE_STATE_FORESTRY,1,1,1,1,,
369,ADVICE_STATE_OTHER,-2,,,1,,
374,ADVICE_STATE_OTHER,0,,,1,,
379,ADVICE_STATE_OTHER,1,1,1,1,,
384,ADVICE_UNKNOWN,-2,,,1,,
389,ADVICE_UNKNOWN,0,,,1,,
394,ADVICE_UNKNOWN,1,1,1,1,,
399,AGE,-2,,,1,,not applicable is inappropriate for FFOs
404,AGE,20,1,1,1,,
409,AGE,30,1,1,1,,
414,AGE,40,1,1,1,,
419,AGE,50,1,1,1,,
424,AGE,60,1,1,1,,
429,AGE,70,1,1,1,,
434,AGE,80,1,1,1,,
439,CERTIFIED_FUTURE,-2,1,1,1,,
444,CERTIFIED_FUTURE,0,1,1,1,,
449,CERTIFIED_FUTURE,1,1,1,1,,
454,CERTIFIED_FUTURE,2,1,1,1,,
459,CERTIFIED_FUTURE,3,1,1,1,,
464,CERTIFIED_KNOWLEDGE,0,1,1,1,,
469,CERTIFIED_KNOWLEDGE,1,1,1,1,,
474,CERTIFIED_LAND,-2,1,1,1,,
479,CERTIFIED_LAND,0,1,1,1,,
484,CERTIFIED_LAND,1,1,1,1,,
489,CHEMICAL_APPLICATION,0,,,1,,
494,CHEMICAL_APPLICATION,1,1,1,1,,
499,CONCERN_DEVELOPMENT,1,1,1,1,,
504,CONCERN_DEVELOPMENT,2,1,1,1,,
509,CONCERN_DEVELOPMENT,3,1,1,1,,
514,CONCERN_DEVELOPMENT,4,1,1,1,,
519,CONCERN_DEVELOPMENT,5,1,1,1,,
524,CONCERN_DEVELOPMENT,6,1,1,1,,
529,CONCERN_DEVELOPMENT,7,1,1,1,,
534,CONCERN_ENDANGERED_SPECIES,1,1,1,1,,
539,CONCERN_ENDANGERED_SPECIES,2,1,1,1,,
544,CONCERN_ENDANGERED_SPECIES,3,1,1,1,,
549,CONCERN_ENDANGERED_SPECIES,4,1,1,1,,
554,CONCERN_ENDANGERED_SPECIES,5,1,1,1,,
559,CONCERN_ENDANGERED_SPECIES,6,1,1,1,,
564,CONCERN_ENDANGERED_SPECIES,7,1,1,1,,
569,CONCERN_HEIRS,1,1,1,1,,
574,CONCERN_HEIRS,2,1,1,1,,
579,CONCERN_HEIRS,3,1,1,1,,
584,CONCERN_HEIRS,4,1,1,1,,
589,CONCERN_HEIRS,5,1,1,1,,
594,CONCERN_HEIRS,6,1,1,1,,
599,CONCERN_HEIRS,7,1,1,1,,
604,CONCERN_LAWSUITS,1,1,1,1,,
609,CONCERN_LAWSUITS,2,1,1,1,,
614,CONCERN_LAWSUITS,3,1,1,1,,
619,CONCERN_LAWSUITS,4,1,1,1,,
624,CONCERN_LAWSUITS,5,1,1,1,,
629,CONCERN_LAWSUITS,6,1,1,1,,
634,CONCERN_LAWSUITS,7,1,1,1,,
639,CONCERN_MISUSE,1,1,1,1,,
644,CONCERN_MISUSE,2,1,1,1,,
649,CONCERN_MISUSE,3,1,1,1,,
654,CONCERN_MISUSE,4,1,1,1,,
659,CONCERN_MISUSE,5,1,1,1,,
664,CONCERN_MISUSE,6,1,1,1,,
669,CONCERN_MISUSE,7,1,1,1,,
674,CONCERN_NOISE,1,1,1,1,,
679,CONCERN_NOISE,2,1,1,1,,
684,CONCERN_NOISE,3,1,1,1,,
689,CONCERN_NOISE,4,1,1,1,,
694,CONCERN_NOISE,5,1,1,1,,
699,CONCERN_NOISE,6,1,1,1,,
704,CONCERN_NOISE,7,1,1,1,,
709,CONCERN_OTHER,1,,,1,,
714,CONCERN_OTHER,2,,,1,,
719,CONCERN_OTHER,3,,,1,,
724,CONCERN_OTHER,4,,,1,,
729,CONCERN_OTHER,5,,,1,,
734,CONCERN_OTHER,6,,,1,,
739,CONCERN_OTHER,7,,,1,,
744,CONCERN_REGULATIONS,1,1,1,1,,
749,CONCERN_REGULATIONS,2,1,1,1,,
754,CONCERN_REGULATIONS,3,1,1,1,,
759,CONCERN_REGULATIONS,4,1,1,1,,
764,CONCERN_REGULATIONS,5,1,1,1,,
769,CONCERN_REGULATIONS,6,1,1,1,,
774,CONCERN_REGULATIONS,7,1,1,1,,
779,CONCERN_STEALING,1,1,1,1,,
784,CONCERN_STEALING,2,1,1,1,,
789,CONCERN_STEALING,3,1,1,1,,
794,CONCERN_STEALING,4,1,1,1,,
799,CONCERN_STEALING,5,1,1,1,,
804,CONCERN_STEALING,6,1,1,1,,
809,CONCERN_STEALING,7,1,1,1,,
814,CONCERN_TAXES,1,1,1,1,,
819,CONCERN_TAXES,2,1,1,1,,
824,CONCERN_TAXES,3,1,1,1,,
829,CONCERN_TAXES,4,1,1,1,,
834,CONCERN_TAXES,5,1,1,1,,
839,CONCERN_TAXES,6,1,1,1,,
844,CONCERN_TAXES,7,1,1,1,,
849,CONCERN_TRESPASS,1,1,1,1,,
854,CONCERN_TRESPASS,2,1,1,1,,
859,CONCERN_TRESPASS,3,1,1,1,,
864,CONCERN_TRESPASS,4,1,1,1,,
869,CONCERN_TRESPASS,5,1,1,1,,
874,CONCERN_TRESPASS,6,1,1,1,,
879,CONCERN_TRESPASS,7,1,1,1,,
884,CORDS_OF_FIREWOOD,,,,1,,
886,COST_SHARE,0,1,1,1,,
891,COST_SHARE,1,1,1,1,,
896,COST_SHARE_RECENT,-2,1,1,1,,
901,COST_SHARE_RECENT,0,1,1,1,,
906,COST_SHARE_RECENT,1,1,1,1,,
911,COST_SHARE_RECENT,2,1,1,1,,
916,DISABILITY_BLIND,-2,,,,not applicable for FFOs,
921,DISABILITY_BLIND,0,1,1,1,,
926,DISABILITY_BLIND,1,1,1,1,,
931,DISABILITY_MOBILITY,-2,,,,not applicable for FFOs,
936,DISABILITY_MOBILITY,0,1,1,1,,
941,DISABILITY_MOBILITY,1,1,1,1,,
946,EASEMENT,0,1,1,1,,
951,EASEMENT,1,1,1,1,,
956,EASEMENT_FUTURE,-2,1,1,1,,
961,EASEMENT_FUTURE,0,1,1,1,,
966,EASEMENT_FUTURE,1,1,1,1,,
971,EASEMENT_FUTURE,2,1,1,1,,
976,EASEMENT_FUTURE,3,1,1,1,,
981,EDUCATION,-2,,,1,not applicable for FFOs,
986,EDUCATION,1,1,1,1,,
991,EDUCATION,2,1,1,1,,
996,EDUCATION,3,1,1,1,,
1001,EDUCATION,4,1,1,1,,
1006,EDUCATION,5,1,1,1,,
1011,EDUCATION,6,1,1,1,,
1016,FARM,0,1,1,1,,
1021,FARM,1,1,1,1,,
1026,FARM_ACRES,,,,1,,
1028,FIRE_HAZARD_REDUCTION,0,,,1,,
1033,FIRE_HAZARD_REDUCTION,1,1,1,1,,
1038,FUTURE_AFFORESTATION,0,,,1,,
1043,FUTURE_AFFORESTATION,1,1,1,1,,
1048,FUTURE_BUY,0,,,1,,
1053,FUTURE_BUY,1,1,1,1,,
1058,FUTURE_DEFORESTATION,0,,,1,,
1063,FUTURE_DEFORESTATION,1,1,1,1,,
1068,FUTURE_FIREWOOD,0,,,1,,
1073,FUTURE_FIREWOOD,1,1,1,1,,
1078,FUTURE_HEIRS,0,,,1,,
1083,FUTURE_HEIRS,1,1,1,1,,
1088,FUTURE_MINIMAL,0,,,1,,
1093,FUTURE_MINIMAL,1,1,1,1,,
1098,FUTURE_NO_ACTIVITY,0,,,1,,
1103,FUTURE_NO_ACTIVITY,1,1,1,1,,
1108,FUTURE_NO_PLANS,0,,,1,,
1113,FUTURE_NO_PLANS,1,1,1,1,,
1118,FUTURE_NTFP,0,,,1,,
1123,FUTURE_NTFP,1,1,1,1,,
1128,FUTURE_OTHER,0,,,1,,
1133,FUTURE_OTHER,1,1,1,1,,
1138,FUTURE_SAWLOGS,0,,,1,,
1143,FUTURE_SAWLOGS,1,1,1,1,,
1148,FUTURE_SELL,0,,,1,,
1153,FUTURE_SELL,1,1,1,1,,
1158,FUTURE_SUBDIVIDE,0,,,1,,
1163,FUTURE_SUBDIVIDE,1,1,1,1,,
1168,FUTURE_UNKNOWN,0,,,1,,
1173,FUTURE_UNKNOWN,1,1,1,1,,
1178,GENDER,-2,,,1,not applicable for FFOs,
1183,GENDER,0,1,1,1,,
1188,GENDER,1,1,1,1,,
1193,GENDER,2,1,1,1,what does this mean??? Probably both checked,
1198,HEALTH_AIR,1,1,1,1,,
1203,HEALTH_AIR,2,1,1,1,,
1208,HEALTH_AIR,3,1,1,1,,
1213,HEALTH_AIR,4,1,1,1,,
1218,HEALTH_AIR,5,1,1,1,,
1223,HEALTH_AIR,6,1,1,1,,
1228,HEALTH_AIR,7,1,1,1,,
1233,HEALTH_DOMESTIC_ANIMALS,1,1,1,1,,
1238,HEALTH_DOMESTIC_ANIMALS,2,1,1,1,,
1243,HEALTH_DOMESTIC_ANIMALS,3,1,1,1,,
1248,HEALTH_DOMESTIC_ANIMALS,4,1,1,1,,
1253,HEALTH_DOMESTIC_ANIMALS,5,1,1,1,,
1258,HEALTH_DOMESTIC_ANIMALS,6,1,1,1,,
1263,HEALTH_DOMESTIC_ANIMALS,7,1,1,1,,
1268,HEALTH_EXOTICS,1,1,1,1,,
1273,HEALTH_EXOTICS,2,1,1,1,,
1278,HEALTH_EXOTICS,3,1,1,1,,
1283,HEALTH_EXOTICS,4,1,1,1,,
1288,HEALTH_EXOTICS,5,1,1,1,,
1293,HEALTH_EXOTICS,6,1,1,1,,
1298,HEALTH_EXOTICS,7,1,1,1,,
1303,HEALTH_FIRE,1,1,1,1,,
1308,HEALTH_FIRE,2,1,1,1,,
1313,HEALTH_FIRE,3,1,1,1,,
1318,HEALTH_FIRE,4,1,1,1,,
1323,HEALTH_FIRE,5,1,1,1,,
1328,HEALTH_FIRE,6,1,1,1,,
1333,HEALTH_FIRE,7,1,1,1,,
1338,HEALTH_INSECTS,1,1,1,1,,
1343,HEALTH_INSECTS,2,1,1,1,,
1348,HEALTH_INSECTS,3,1,1,1,,
1353,HEALTH_INSECTS,4,1,1,1,,
1358,HEALTH_INSECTS,5,1,1,1,,
1363,HEALTH_INSECTS,6,1,1,1,,
1368,HEALTH_INSECTS,7,1,1,1,,
1373,HEALTH_OTHER,1,,,1,,
1378,HEALTH_OTHER,2,,,1,,
1383,HEALTH_OTHER,3,,,1,,
1388,HEALTH_OTHER,4,,,1,,
1393,HEALTH_OTHER,5,,,1,,
1398,HEALTH_OTHER,6,,,1,,
1403,HEALTH_OTHER,7,,,1,,
1408,HEALTH_REGENERATION,1,1,1,1,,
1413,HEALTH_REGENERATION,2,1,1,1,,
1418,HEALTH_REGENERATION,3,1,1,1,,
1423,HEALTH_REGENERATION,4,1,1,1,,
1428,HEALTH_REGENERATION,5,1,1,1,,
1433,HEALTH_REGENERATION,6,1,1,1,,
1438,HEALTH_REGENERATION,7,1,1,1,,
1443,HEALTH_STORMS,1,1,1,1,,
1448,HEALTH_STORMS,2,1,1,1,,
1453,HEALTH_STORMS,3,1,1,1,,
1458,HEALTH_STORMS,4,1,1,1,,
1463,HEALTH_STORMS,5,1,1,1,,
1468,HEALTH_STORMS,6,1,1,1,,
1473,HEALTH_STORMS,7,1,1,1,,
1478,HEALTH_WILD_ANIMALS,1,1,1,1,,
1483,HEALTH_WILD_ANIMALS,2,1,1,1,,
1488,HEALTH_WILD_ANIMALS,3,1,1,1,,
1493,HEALTH_WILD_ANIMALS,4,1,1,1,,
1498,HEALTH_WILD_ANIMALS,5,1,1,1,,
1503,HEALTH_WILD_ANIMALS,6,1,1,1,,
1508,HEALTH_WILD_ANIMALS,7,1,1,1,,
1513,HISPANIC,-2,,,1,not applicable for FFOs,
1518,HISPANIC,0,1,1,1,,
1523,HISPANIC,1,1,1,1,,
1528,HRV_CLEAR,-2,1,1,1,,
1533,HRV_CLEAR,0,,,1,,
1538,HRV_CLEAR,1,1,1,1,,
1543,HRV_CONSULT,-2,1,1,1,,
1548,HRV_CONSULT,0,1,1,1,,
1553,HRV_CONSULT,1,1,1,1,,
1558,HRV_CONSULT,2,1,1,1,,
1563,HRV_FIRE,-2,,,1,,
1568,HRV_FIRE,0,,,1,,
1573,HRV_FIRE,1,1,1,1,,
1578,HRV_HUNT,-2,,,1,,
1583,HRV_HUNT,0,,,1,,
1588,HRV_HUNT,1,1,1,1,,
1593,HRV_MATURE,-2,,,1,,
1598,HRV_MATURE,0,,,1,,
1603,HRV_MATURE,1,1,1,1,,
1608,HRV_MONEY,-2,,,1,,
1613,HRV_MONEY,0,,,1,,
1618,HRV_MONEY,1,1,1,1,,
1623,HRV_OTHER,-2,,,1,,
1628,HRV_OTHER,0,,,1,,
1633,HRV_OTHER,1,1,1,1,,
1638,HRV_PLAN,-2,,,1,,
1643,HRV_PLAN,0,,,1,,
1648,HRV_PLAN,1,1,1,1,,
1653,HRV_POSTS,-2,,,1,,
1658,HRV_POSTS,0,,,1,,
1663,HRV_POSTS,1,1,1,1,,
1668,HRV_PRICE,-2,,,1,,
1673,HRV_PRICE,0,,,1,,
1678,HRV_PRICE,1,1,1,1,,
1683,HRV_PULP,-2,,,1,,
1688,HRV_PULP,0,,,1,,
1693,HRV_PULP,1,1,1,1,,
1698,HRV_REASON_OTHER,-2,,,1,,
1703,HRV_REASON_OTHER,0,,,1,,
1708,HRV_REASON_OTHER,1,1,1,1,,
1713,HRV_RECENT,-2,1,1,1,,
1718,HRV_RECENT,0,1,1,1,,
1723,HRV_RECENT,1,1,1,1,,
1728,HRV_RECENT,2,1,1,1,,
1733,HRV_RECREATE,-2,,,1,,
1738,HRV_RECREATE,0,,,1,,
1743,HRV_RECREATE,1,1,1,1,,
1748,HRV_REMAINING_TREES,-2,,,1,,
1753,HRV_REMAINING_TREES,0,,,1,,
1758,HRV_REMAINING_TREES,1,1,1,1,,
1763,HRV_SALVAGE,-2,,,1,,
1768,HRV_SALVAGE,0,,,1,,
1773,HRV_SALVAGE,1,1,1,1,,
1778,HRV_SAW,-2,1,1,1,,
1783,HRV_SAW,0,,,1,,
1788,HRV_SAW,1,1,1,1,,
1793,HRV_USE,-2,,,1,,
1798,HRV_USE,0,,,1,,
1803,HRV_USE,1,1,1,1,,
1808,HRV_VENEER,-2,,,1,,
1813,HRV_VENEER,0,,,1,,
1818,HRV_VENEER,1,1,1,1,,
1853,LEARN_CONFERENCES,1,1,1,1,,
1858,LEARN_CONFERENCES,2,1,1,1,,
1863,LEARN_CONFERENCES,3,1,1,1,,
1868,LEARN_CONFERENCES,4,1,1,1,,
1873,LEARN_CONFERENCES,5,1,1,1,,
1878,LEARN_CONFERENCES,6,1,1,1,,
1883,LEARN_CONFERENCES,7,1,1,1,,
1888,LEARN_CONFERENCES,9,1,1,1,,
1893,LEARN_FORESTER,1,1,1,1,,
1898,LEARN_FORESTER,2,1,1,1,,
1903,LEARN_FORESTER,3,1,1,1,,
1908,LEARN_FORESTER,4,1,1,1,,
1913,LEARN_FORESTER,5,1,1,1,,
1918,LEARN_FORESTER,6,1,1,1,,
1923,LEARN_FORESTER,7,1,1,1,,
1928,LEARN_FORESTER,9,1,1,1,,
1933,LEARN_INTERNET,1,1,1,1,,
1938,LEARN_INTERNET,2,1,1,1,,
1943,LEARN_INTERNET,3,1,1,1,,
1948,LEARN_INTERNET,4,1,1,1,,
1953,LEARN_INTERNET,5,1,1,1,,
1958,LEARN_INTERNET,6,1,1,1,,
1963,LEARN_INTERNET,7,1,1,1,,
1968,LEARN_INTERNET,9,1,1,1,,
1973,LEARN_LOGGER,1,1,1,1,,
1978,LEARN_LOGGER,2,1,1,1,,
1983,LEARN_LOGGER,3,1,1,1,,
1988,LEARN_LOGGER,4,1,1,1,,
1993,LEARN_LOGGER,5,1,1,1,,
1998,LEARN_LOGGER,6,1,1,1,,
2003,LEARN_LOGGER,7,1,1,1,,
2008,LEARN_LOGGER,9,1,1,1,,
2013,LEARN_MEMBERSHIP,1,1,1,1,,
2018,LEARN_MEMBERSHIP,2,1,1,1,,
2023,LEARN_MEMBERSHIP,3,1,1,1,,
2028,LEARN_MEMBERSHIP,4,1,1,1,,
2033,LEARN_MEMBERSHIP,5,1,1,1,,
2038,LEARN_MEMBERSHIP,6,1,1,1,,
2043,LEARN_MEMBERSHIP,7,1,1,1,,
2048,LEARN_MEMBERSHIP,9,1,1,1,,
2053,LEARN_NEWSLETTERS,1,1,1,1,,
2058,LEARN_NEWSLETTERS,2,1,1,1,,
2063,LEARN_NEWSLETTERS,3,1,1,1,,
2068,LEARN_NEWSLETTERS,4,1,1,1,,
2073,LEARN_NEWSLETTERS,5,1,1,1,,
2078,LEARN_NEWSLETTERS,6,1,1,1,,
2083,LEARN_NEWSLETTERS,7,1,1,1,,
2088,LEARN_NEWSLETTERS,9,1,1,1,,
2093,LEARN_OWNER,1,1,1,1,,
2098,LEARN_OWNER,2,1,1,1,,
2103,LEARN_OWNER,3,1,1,1,,
2108,LEARN_OWNER,4,1,1,1,,
2113,LEARN_OWNER,5,1,1,1,,
2118,LEARN_OWNER,6,1,1,1,,
2123,LEARN_OWNER,7,1,1,1,,
2128,LEARN_OWNER,9,1,1,1,,
2133,LEARN_PUBS,1,1,1,1,,
2138,LEARN_PUBS,2,1,1,1,,
2143,LEARN_PUBS,3,1,1,1,,
2148,LEARN_PUBS,4,1,1,1,,
2153,LEARN_PUBS,5,1,1,1,,
2158,LEARN_PUBS,6,1,1,1,,
2163,LEARN_PUBS,7,1,1,1,,
2168,LEARN_PUBS,9,1,1,1,,
2173,LEARN_TV,1,1,1,1,,
2178,LEARN_TV,2,1,1,1,,
2183,LEARN_TV,3,1,1,1,,
2188,LEARN_TV,4,1,1,1,,
2193,LEARN_TV,5,1,1,1,,
2198,LEARN_TV,6,1,1,1,,
2203,LEARN_TV,7,1,1,1,,
2208,LEARN_TV,9,1,1,1,,
2213,LEARN_VIDEOS,1,1,1,1,,
2218,LEARN_VIDEOS,2,1,1,1,,
2223,LEARN_VIDEOS,3,1,1,1,,
2228,LEARN_VIDEOS,4,1,1,1,,
2233,LEARN_VIDEOS,5,1,1,1,,
2238,LEARN_VIDEOS,6,1,1,1,,
2243,LEARN_VIDEOS,7,1,1,1,,
2248,LEARN_VIDEOS,9,1,1,1,,
2253,LEARN_VISITING,1,1,1,1,,
2258,LEARN_VISITING,2,1,1,1,,
2263,LEARN_VISITING,3,1,1,1,,
2268,LEARN_VISITING,4,1,1,1,,
2273,LEARN_VISITING,5,1,1,1,,
2278,LEARN_VISITING,6,1,1,1,,
2283,LEARN_VISITING,7,1,1,1,,
2288,LEARN_VISITING,9,1,1,1,,
2293,LEASE_GRAZE_2,-2,1,1,1,,
2298,LEASE_GRAZE_2,0,,,1,,
2303,LEASE_GRAZE_2,1,1,1,1,,
2308,LEASE_HUNT_2,-2,,,1,,
2313,LEASE_HUNT_2,0,,,1,,
2318,LEASE_HUNT_2,1,1,1,1,,
2323,LEASE_NTFP_2,-2,,,1,,
2328,LEASE_NTFP_2,0,,,1,,
2333,LEASE_NTFP_2,1,1,1,1,,
2338,LEASE_OTHER_2,-2,,,1,,
2343,LEASE_OTHER_2,0,,,1,,
2348,LEASE_OTHER_2,1,1,1,1,,
2353,LEASE_RECENT,-2,1,1,1,,
2358,LEASE_RECENT,0,1,1,1,,
2363,LEASE_RECENT,1,1,1,1,,
2368,LEASE_RECENT,2,1,1,1,,
2373,LEASE_RECREATE_2,-2,,,1,,
2378,LEASE_RECREATE_2,0,,,1,,
2383,LEASE_RECREATE_2,1,1,1,1,,
2388,LEASE_TIMBER_2,-2,,,1,,
2393,LEASE_TIMBER_2,0,,,1,,
2398,LEASE_TIMBER_2,1,1,1,1,,
2403,LEASED,0,1,1,1,,
2408,LEASED,1,1,1,1,,
2413,MANAGEMENT_PLAN,0,1,1,1,,
2418,MANAGEMENT_PLAN,1,1,1,1,,
2423,MANAGEMENT_PLAN,2,1,1,1,,
2428,MANAGER_FAMILY,0,,,1,,
2433,MANAGER_FAMILY,1,1,1,1,,
2438,MANAGER_FORESTER,0,,,1,,
2443,MANAGER_FORESTER,1,1,1,1,,
2448,MANAGER_LEASEE,0,,,1,,
2453,MANAGER_LEASEE,1,1,1,1,,
2458,MANAGER_LOGGER,0,,,1,,
2463,MANAGER_LOGGER,1,1,1,1,,
2468,MANAGER_OTHER,0,,,1,,
2473,MANAGER_OTHER,1,1,1,1,,
2478,MANAGER_OWNER,0,,,1,,
2483,MANAGER_OWNER,1,1,1,1,,
2488,MANAGER_PARTNER,0,,,1,,
2493,MANAGER_PARTNER,1,1,1,1,,
2498,NOT_ORGANIZATION,0,,,1,,
2503,NOT_ORGANIZATION,1,,,1,,
2508,NTFP_COLLECT,0,1,1,1,,
2513,NTFP_COLLECT,1,1,1,1,,
2518,NTFP_CULTURAL,-2,,,1,,
2523,NTFP_CULTURAL,0,,,1,,
2528,NTFP_CULTURAL,1,1,1,1,,
2533,NTFP_DECORATIVE,-2,,,1,,
2538,NTFP_DECORATIVE,0,,,1,,
2543,NTFP_DECORATIVE,1,1,1,1,,
2548,NTFP_EDIBLE,-2,1,1,1,,
2553,NTFP_EDIBLE,0,,,1,,
2558,NTFP_EDIBLE,1,1,1,1,,
2563,NTFP_MEDICINAL,-2,,,1,,
2568,NTFP_MEDICINAL,0,,,1,,
2573,NTFP_MEDICINAL,1,1,1,1,,
2578,NTFP_OTHER,-2,,,1,,
2583,NTFP_OTHER,0,,,1,,
2588,NTFP_OTHER,1,1,1,1,,
2593,NTFP_PERSONAL,-2,,,1,,
2598,NTFP_PERSONAL,0,,,1,,
2603,NTFP_PERSONAL,1,1,1,1,,
2608,NTFP_RECENT,-2,1,1,1,,
2613,NTFP_RECENT,0,1,1,1,,
2618,NTFP_RECENT,1,1,1,1,,
2623,NTFP_RECENT,2,1,1,1,,
2628,NTFP_SALE,-2,1,1,1,,
2633,NTFP_SALE,0,,,1,,
2638,NTFP_SALE,1,1,1,1,,
2643,OBJ_AESTHETICS,1,1,1,1,,
2648,OBJ_AESTHETICS,2,1,1,1,,
2653,OBJ_AESTHETICS,3,1,1,1,,
2658,OBJ_AESTHETICS,4,1,1,1,,
2663,OBJ_AESTHETICS,5,1,1,1,,
2668,OBJ_AESTHETICS,6,1,1,1,,
2673,OBJ_AESTHETICS,7,1,1,1,,
2678,OBJ_BIODIVERSITY,1,1,1,1,,
2683,OBJ_BIODIVERSITY,2,1,1,1,,
2688,OBJ_BIODIVERSITY,3,1,1,1,,
2693,OBJ_BIODIVERSITY,4,1,1,1,,
2698,OBJ_BIODIVERSITY,5,1,1,1,,
2703,OBJ_BIODIVERSITY,6,1,1,1,,
2708,OBJ_BIODIVERSITY,7,1,1,1,,
2713,OBJ_FARM,1,1,1,1,,
2718,OBJ_FARM,2,1,1,1,,
2723,OBJ_FARM,3,1,1,1,,
2728,OBJ_FARM,4,1,1,1,,
2733,OBJ_FARM,5,1,1,1,,
2738,OBJ_FARM,6,1,1,1,,
2743,OBJ_FARM,7,1,1,1,,
2748,OBJ_FIREWOOD,1,1,1,1,,
2753,OBJ_FIREWOOD,2,1,1,1,,
2758,OBJ_FIREWOOD,3,1,1,1,,
2763,OBJ_FIREWOOD,4,1,1,1,,
2768,OBJ_FIREWOOD,5,1,1,1,,
2773,OBJ_FIREWOOD,6,1,1,1,,
2778,OBJ_FIREWOOD,7,1,1,1,,
2783,OBJ_HOME,1,1,1,1,,
2788,OBJ_HOME,2,1,1,1,,
2793,OBJ_HOME,3,1,1,1,,
2798,OBJ_HOME,4,1,1,1,,
2803,OBJ_HOME,5,1,1,1,,
2808,OBJ_HOME,6,1,1,1,,
2813,OBJ_HOME,7,1,1,1,,
2843,OBJ_HUNT,6,1,1,1,,
2848,OBJ_HUNT,7,1,1,1,,
2853,OBJ_INVEST,1,1,1,1,,
2858,OBJ_INVEST,2,1,1,1,,
2863,OBJ_INVEST,3,1,1,1,,
2868,OBJ_INVEST,4,1,1,1,,
2873,OBJ_INVEST,5,1,1,1,,
2878,OBJ_INVEST,6,1,1,1,,
2883,OBJ_INVEST,7,1,1,1,,
2888,OBJ_LEGACY,1,1,1,1,,
2893,OBJ_LEGACY,2,1,1,1,,
2898,OBJ_LEGACY,3,1,1,1,,
2903,OBJ_LEGACY,4,1,1,1,,
2908,OBJ_LEGACY,5,1,1,1,,
2913,OBJ_LEGACY,6,1,1,1,,
2918,OBJ_LEGACY,7,1,1,1,,
2948,OBJ_NTFP,6,1,1,1,,
2953,OBJ_NTFP,7,1,1,1,,
2958,OBJ_OTHER,1,,,1,,
2963,OBJ_OTHER,2,,,1,,
2968,OBJ_OTHER,3,,,1,,
2973,OBJ_OTHER,4,,,1,,
2978,OBJ_OTHER,5,,,1,,
2983,OBJ_OTHER,6,,,1,,
2988,OBJ_OTHER,7,,,1,,
2993,OBJ_PRIVACY,1,1,1,1,,
2998,OBJ_PRIVACY,2,1,1,1,,
3003,OBJ_PRIVACY,3,1,1,1,,
3008,OBJ_PRIVACY,4,1,1,1,,
3013,OBJ_PRIVACY,5,1,1,1,,
3018,OBJ_PRIVACY,6,1,1,1,,
3023,OBJ_PRIVACY,7,1,1,1,,
3028,OBJ_RECREATE,1,1,1,1,,
3033,OBJ_RECREATE,2,1,1,1,,
3038,OBJ_RECREATE,3,1,1,1,,
3043,OBJ_RECREATE,4,1,1,1,,
3048,OBJ_RECREATE,5,1,1,1,,
3053,OBJ_RECREATE,6,1,1,1,,
3058,OBJ_RECREATE,7,1,1,1,,
3063,OBJ_TIMBER,1,1,1,1,,
3068,OBJ_TIMBER,2,1,1,1,,
3073,OBJ_TIMBER,3,1,1,1,,
3078,OBJ_TIMBER,4,1,1,1,,
3083,OBJ_TIMBER,5,1,1,1,,
3088,OBJ_TIMBER,6,1,1,1,,
3093,OBJ_TIMBER,7,1,1,1,,
3098,OCC_NWOS_1,-2,,,1,,
3103,OCC_NWOS_1,0,,,1,,
3108,OCC_NWOS_1,1,,,1,,
3113,OCC_NWOS_1,10,,,1,,
3118,OCC_NWOS_1,11,,,1,,
3123,OCC_NWOS_1,12,,,1,,
3128,OCC_NWOS_1,13,,,1,,
3133,OCC_NWOS_1,2,,,1,,
3138,OCC_NWOS_1,3,,,1,,
3143,OCC_NWOS_1,4,,,1,,
3148,OCC_NWOS_1,5,,,1,,
3153,OCC_NWOS_1,6,,,1,,
3158,OCC_NWOS_1,7,,,1,,
3163,OCC_NWOS_1,8,,,1,,
3168,OCC_NWOS_1,9,,,1,,
3173,OCC_NWOS_1,99,,,1,,
3178,OCC_NWOS_2,-2,,,1,,
3183,OCC_NWOS_2,0,,,1,,
3188,OCC_NWOS_2,1,,,1,,
3193,OCC_NWOS_2,10,,,1,,
3198,OCC_NWOS_2,11,,,1,,
3203,OCC_NWOS_2,12,,,1,,
3208,OCC_NWOS_2,13,,,1,,
3213,OCC_NWOS_2,2,,,1,,
3218,OCC_NWOS_2,3,,,1,,
3223,OCC_NWOS_2,4,,,1,,
3228,OCC_NWOS_2,5,,,1,,
3233,OCC_NWOS_2,6,,,1,,
3238,OCC_NWOS_2,7,,,1,,
3243,OCC_NWOS_2,8,,,1,,
3248,OCC_NWOS_2,9,,,1,,
3253,OCC_NWOS_2,99,,,1,,
3258,OWNER_BIZ_PARTNER,0,,,1,,
3263,OWNER_BIZ_PARTNER,1,1,1,1,,
3268,OWNER_CLUB,0,,,1,,
3273,OWNER_CLUB,1,1,1,1,,
3278,OWNER_FAM_PARTNER,0,,,1,,
3283,OWNER_FAM_PARTNER,1,1,1,1,,
3288,OWNER_FMC,0,,,1,,
3293,OWNER_FMC,1,1,1,1,,
3298,OWNER_FOREST_INDUSTRY,0,,,1,,
3303,OWNER_FOREST_INDUSTRY,1,1,1,1,,
3308,OWNER_INDIV_JOINT,0,,,1,,
3313,OWNER_INDIV_JOINT,1,1,1,1,,
3318,OWNER_NPO,0,,,1,,
3323,OWNER_NPO,1,1,1,1,,
3328,OWNER_OTHER,0,,,1,,
3333,OWNER_OTHER,1,1,1,1,,
3338,OWNER_OTHER_CORP,0,,,1,,
3343,OWNER_OTHER_CORP,1,1,1,1,,
3348,OWNER_TIMO,0,,,1,,
3353,OWNER_TIMO,1,1,1,1,,
3358,OWNER_TRUST,0,,,1,,
3363,OWNER_TRUST,1,1,1,1,,
3368,PARCELS_NUM,,,,1,,
3370,PRIMARY_RESIDENCE_2,0,1,1,1,,
3375,PRIMARY_RESIDENCE_2,1,1,1,1,,
3380,RACE_ASIAN,-2,,,1,NA,
3385,RACE_ASIAN,0,,,1,,
3390,RACE_ASIAN,1,1,1,1,,
3395,RACE_BLACK,-2,,,1,NA,
3400,RACE_BLACK,0,,,1,,
3405,RACE_BLACK,1,1,1,1,,
3410,RACE_HAWAIIAN,-2,,,1,NA,
3415,RACE_HAWAIIAN,0,,,1,,
3420,RACE_HAWAIIAN,1,1,1,1,,
3425,RACE_INDIAN,-2,,,1,NA,
3430,RACE_INDIAN,0,,,1,,
3435,RACE_INDIAN,1,1,1,1,,
3440,RACE_WHITE,-2,,,1,NA,
3445,RACE_WHITE,0,,,1,,
3450,RACE_WHITE,1,1,1,1,,
3455,REGION_1,,,,1,,
3457,REGION_2,,,,1,,
3459,REGION_3,,,,1,,
3461,REGION_4,,,,1,,
3463,REGION_5,,,,1,,
3465,REGION_6,,,,1,,
3467,REGION_7,,,,1,,
3469,REGION_8,,,,1,,
3471,REGION_9,,,,1,,
3473,RESTRICT_HARVESTING,-2,,,1,,
3478,RESTRICT_HARVESTING,0,,,1,,
3483,RESTRICT_HARVESTING,1,1,1,1,,
3488,RESTRICT_LAND_USE,-2,1,1,1,,
3493,RESTRICT_LAND_USE,0,,,1,,
3498,RESTRICT_LAND_USE,1,1,1,1,,
3503,RESTRICT_OTHER,-2,,,1,,
3508,RESTRICT_OTHER,0,,,1,,
3513,RESTRICT_OTHER,1,1,1,1,,
3518,RESTRICT_SUBDIVISION,-2,,,1,,
3523,RESTRICT_SUBDIVISION,0,,,1,,
3528,RESTRICT_SUBDIVISION,1,1,1,1,,
3533,RETIRED,-2,,,1,NA,
3538,RETIRED,0,1,1,1,,
3543,RETIRED,1,1,1,1,,
3548,ROAD_MAINTENANCE,0,,,1,,
3553,ROAD_MAINTENANCE,1,1,1,1,,
3558,SECONDARY_RESIDENCE_2,0,1,1,1,,
3563,SECONDARY_RESIDENCE_2,1,1,1,1,,
3568,SITE_PREP,0,,,1,,
3573,SITE_PREP,1,1,1,1,,
3578,TENURE,,,,1,,
3600,TIMBER_HARVEST,0,1,1,1,,
3605,TIMBER_HARVEST,1,1,1,1,,
3610,TOTAL,1,,,1,,
3615,TRANSFER,0,1,1,1,,
3620,TRANSFER,1,1,1,1,,
3625,TRANSFER,2,1,1,1,,
3630,TRANSFER,6,1,1,1,,
3635,TREE_PLANTING,0,,,1,,
3640,TREE_PLANTING,1,1,1,1,,
3645,TRN_DEVELOPER,-2,1,1,1,,
3650,TRN_DEVELOPER,0,,,1,,
3655,TRN_DEVELOPER,1,1,1,1,,
3660,TRN_FAMILY,-2,,,1,,
3665,TRN_FAMILY,0,,,1,,
3670,TRN_FAMILY,1,1,1,1,,
3675,TRN_FOREST_INDUSTRY,-2,,,1,,
3680,TRN_FOREST_INDUSTRY,0,,,1,,
3685,TRN_FOREST_INDUSTRY,1,1,1,1,,
3690,TRN_GOV,-2,,,1,,
3695,TRN_GOV,0,,,1,,
3700,TRN_GOV,1,1,1,1,,
3705,TRN_INDIVIDUAL,-2,,,1,,
3710,TRN_INDIVIDUAL,0,,,1,,
3715,TRN_INDIVIDUAL,1,1,1,1,,
3720,TRN_LOGGER,-2,,,1,,
3725,TRN_LOGGER,0,,,1,,
3730,TRN_LOGGER,1,1,1,1,,
3735,TRN_OTHER,-2,,,1,,
3740,TRN_OTHER,0,,,1,,
3745,TRN_OTHER,1,1,1,1,,
3750,TRN_RECENT,-2,1,1,1,,
3755,TRN_RECENT,0,1,1,1,,
3760,TRN_RECENT,1,1,1,1,,
3765,TRN_TIMO,-2,,,1,,
3770,TRN_TIMO,0,,,1,,
3775,TRN_TIMO,1,1,1,1,,
3780,WILDLIFE_HABITAT,0,,,1,,
3785,WILDLIFE_HABITAT,1,1,1,1,,
